timestamp;cookie_id
1761962267;42171
1761963081;85811
1761963196;26932
1761967692;89057
1761969083;20711
1761969362;13201
1761974207;81088
1761974713;45325
1761977978;64144
1761979142;70484
1761979884;49707
1761980941;84734
1761986084;58473
1761990735;22243
1761991216;95545
1761992468;52596
1761993316;96443
1761993576;927
1761995305;20709
1761995306;77793
1761996499;13349
1762002189;87265
1762002258;94382
1762002290;34612
1762003225;20166
1762005010;91568
1762008977;86114
1762011038;28436
1762011354;73312
1762011935;60554
1762012153;87518
1762021596;255
1762023603;11364
1762024038;7583
1762024909;81548
1762024983;46539
1762025048;13274
1762025828;54768
1762027516;87051
1762029101;28805
1762029228;35948
1762029755;50487
1762030260;9138
1762030693;91669
1762031001;37987
1762031890;20368
1762031916;66163
1762034478;3746
1762035003;73225
1762038578;19227
1762040628;581
1762042847;25291
1762043490;71592
1762043716;50652
1762044011;66595
1762044315;26593
1762045191;56852
1762045615;66595
1762046621;29981
1762047032;29892
1762047664;46487
1762048808;72943
1762053039;54784
1762053891;58641
1762054645;81632
1762056564;44444
1762059999;9856
1762061959;44672
1762071642;54144
1762074241;60486
1762074680;78915
1762076435;10835
1762077398;31734
1762078183;83311
1762080549;71624
1762082180;5452
1762082188;49992
1762083038;82579
1762083479;89306
1762087171;71719
1762089194;49826
1762089957;84719
1762089985;699
1762093706;50147
1762094994;40675
1762095875;77774
1762097452;22221
1762101091;78289
1762102841;57579
1762104013;33097
1762105490;71155
1762114891;75611
1762118144;21621
1762119463;10883
1762120206;51288
1762120809;41417
1762121690;48931
1762121877;28344
1762123373;58363
1762123831;26625
1762125684;48677
1762128245;40068
1762130647;33122
1762132022;32447
1762132565;36314
1762134132;57988
1762137129;41751
1762138147;74588
1762138217;71033
1762141186;57804
1762144869;10028
1762145902;7467
1762146342;56067
1762148437;88733
1762151294;16933
1762151739;20191
1762152306;89858
1762154453;89846
1762157367;8126
1762158038;725
1762158471;45089
1762159800;51032
1762163017;31389
1762164520;19391
1762165231;28108
1762166189;70605
1762172906;33321
1762175093;31028
1762175653;19573
1762177329;95787
1762184101;49835
1762188819;65962
1762191902;56106
1762194109;91153
1762194262;46548
1762194579;81633
1762194919;69179
1762196067;1322
1762196174;98872
1762197755;51
1762198691;4656
1762201413;77725
1762203169;21176
1762204234;18941
1762204754;94629
1762205726;48871
1762206037;48098
1762206417;13999
1762206898;55875
1762207538;2888
1762208702;82629
1762212619;52866
1762213090;80377
1762214002;12424
1762216079;26424
1762216876;35762
1762218774;33348
1762221909;97789
1762222514;63156
1762223321;42156
1762224634;78642
1762225149;17291
1762226244;43856
1762226347;70018
1762228894;49013
1762229219;29987
1762230721;66663
1762230921;41204
1762232813;14153
1762237415;46791
1762237466;16255
1762237520;26054
1762238995;45019
1762241751;71487
1762242825;5031
1762247486;3821
1762248855;74402
1762249455;82473
1762250233;44323
1762250452;49259
1762251180;14812
1762251779;79094
1762251791;23442
1762251970;87281
1762253664;40029
1762256509;43352
1762260476;66823
1762261008;6008
1762261566;46801
1762262351;51493
1762263253;45148
1762263344;64435
1762265000;92375
1762265160;58142
1762268517;33594
1762268743;50417
1762269390;81169
1762270949;94211
1762271382;15341
1762272351;1069
1762275045;24074
1762276594;18713
1762276993;85351
1762277026;45848
1762278512;2973
1762280263;68383
1762282052;40564
1762282584;64852
1762284386;29216
1762285114;37716
1762290001;28499
1762291877;88797
1762292450;89575
1762294100;23479
1762296083;4325
1762296965;37504
1762298683;99808
1762299689;50227
1762300267;68496
1762302131;86288
1762302495;37711
1762303233;69108
1762304326;6905
1762304887;93387
1762305299;59677
1762306304;16422
1762309200;34427
1762310125;34816
1762310233;76871
1762310942;82744
1762311022;62364
1762311257;39023
1762314539;12669
1762316791;65608
1762319655;9228
1762325748;74111
1762327419;29083
1762330943;30273
1762333461;83455
1762334998;65211
1762339585;12813
1762341027;80433
1762341262;28255
1762341682;94966
1762345287;56513
1762348026;33145
1762350248;93149
1762357335;49707
1762358962;53899
1762363117;88044
1762365222;33651
1762367892;20437
1762368055;98102
1762368905;48807
1762371092;88228
1762372295;80832
1762372839;89853
1762373649;51886
1762374410;47385
1762375223;19491
1762375634;47869
1762376231;48861
1762376863;4216
1762378269;19587
1762378622;50858
1762379284;46308
1762380099;32216
1762380743;82631
1762380876;79537
1762380929;93035
1762381314;30078
1762384258;94339
1762384352;33087
1762384433;63887
1762384579;14381
1762387034;23857
1762387212;25902
1762387873;97223
1762388193;99026
1762389493;72248
1762390283;52612
1762390497;47019
1762391683;50484
1762392440;99105
1762393104;65853
1762394000;75979
1762394394;81331
1762397471;11703
1762400065;46332
1762401691;22978
1762402500;278
1762403391;36494
1762406511;4556
1762406624;2794
1762407321;10242
1762411668;91419
1762413877;61168
1762416967;58206
1762418728;48679
1762419207;2635
1762420338;88334
1762421532;69396
1762422208;92356
1762423119;18035
1762423382;55207
1762424739;74274
1762425112;76843
1762425502;21453
1762426702;65038
1762427263;45381
1762427902;43593
1762429356;73793
1762429937;12052
1762437592;3708
1762440919;60524
1762441423;55508
1762442734;94756
1762445458;27759
1762447084;99567
1762452515;3642
1762452922;88323
1762453104;94821
1762455276;56958
1762456895;51383
1762460361;28272
1762461004;34269
1762461641;81907
1762461887;81965
1762462346;94712
1762463346;5054
1762463989;37138
1762464288;94239
1762465752;37702
1762465999;11184
1762466126;14298
1762468408;79064
1762471309;49702
1762471601;21514
1762471604;89875
1762472319;15121
1762473839;33498
1762474593;82095
1762475153;83506
1762477568;59038
1762478939;86368
1762482149;42531
1762483123;71171
1762485093;12591
1762486320;87868
1762487049;95057
1762487517;9129
1762489292;2713
1762496245;81095
1762501732;7133
1762501900;64966
1762503638;75355
1762512452;13284
1762512711;97602
1762514617;47328
1762515138;73996
1762516929;89653
1762517493;3402
1762517966;35973
1762521286;27649
1762526949;32355
1762527606;81937
1762530249;48875
1762531047;27737
1762532199;53596
1762536559;68142
1762539198;63585
1762539354;22459
1762540770;87723
1762546092;7589
1762547982;2533
1762549222;19137
1762549914;33644
1762550622;42544
1762552012;28482
1762552629;90304
1762555254;7326
1762555324;59865
1762557736;76224
1762558316;28485
1762559517;74074
1762560572;94433
1762562132;96862
1762562597;86923
1762562985;95786
1762563173;44018
1762563495;32249
1762565348;31898
1762573287;71056
1762575805;22216
1762579217;82202
1762579697;38878
1762580878;44266
1762581258;67194
1762583500;83878
1762586112;22301
1762591191;58849
1762591959;31821
1762592627;83511
1762593861;66826
1762595663;69843
1762596796;67382
1762599699;90218
1762600052;16029
1762601668;95622
1762602089;92231
1762603601;75117
1762605818;86527
1762607124;13779
1762608085;64095
1762609302;98023
1762612343;55829
1762618868;7002
1762626397;68779
1762629283;27655
1762629712;75642
1762630180;92752
1762633377;66913
1762634343;72365
1762634479;35146
1762634791;26421
1762635083;97689
1762636239;18219
1762636591;68345
1762641336;13816
1762642067;43635
1762646663;96788
1762646805;41666
1762647681;42413
1762648025;21573
1762648841;88318
1762648897;90843
1762651573;30752
1762653161;56065
1762653462;50008
1762654264;3755
1762655437;32117
1762656095;35798
1762656211;67349
1762656246;68454
1762656729;43839
1762657415;56614
1762658105;58039
1762659228;54103
1762659912;32446
1762661660;36046
1762661781;33335
1762665911;1491
1762666059;89291
1762666920;79082
1762673103;9243
1762673168;38022
1762673539;74582
1762676250;88405
1762676787;60869
1762679557;89322
1762680341;79629
1762680850;50635
1762681212;7534
1762683722;42508
1762684872;88105
1762686963;88687
1762694647;93813
1762694878;49361
1762696280;9262
1762696893;6694
1762698577;36183
1762699025;8788
1762701916;52108
1762702724;7173
1762706693;71194
1762707704;20266
1762711534;64676
1762711800;69852
1762712270;25068
1762714633;57572
1762715034;96077
1762715230;94523
1762715392;69959
1762715637;90034
1762716153;16099
1762717308;75106
1762717698;5051
1762719577;7851
1762720228;72922
1762720240;89322
1762720723;14534
1762721832;17345
1762722541;33722
1762723169;54742
1762724858;82637
1762728080;22127
1762731024;85425
1762732612;50657
1762733993;17923
1762735518;51729
1762739831;78515
1762740353;36263
1762740389;65051
1762740867;69198
1762741863;26619
1762742104;98347
1762743058;78538
1762747309;26637
1762747977;73986
1762748303;60562
1762750879;22509
1762756377;64786
1762756827;33234
1762757449;81486
1762762571;35444
1762762926;17307
1762766072;1915
1762766362;12289
1762767685;14692
1762767843;6984
1762768439;94093
1762771381;77927
1762771680;46663
1762771873;65438
1762772099;5296
1762772276;72792
1762772614;51357
1762777067;65168
1762778099;69145
1762779729;94872
1762779987;69381
1762780631;90485
1762780672;89846
1762783605;63305
1762785033;58482
1762785195;10849
1762785203;68497
1762786494;70319
1762786984;49481
1762787568;34597
1762787724;74856
1762789260;18176
1762790785;53708
1762790837;73618
1762791659;20449
1762794274;21184
1762794383;367
1762795535;47918
1762797849;79131
1762799810;21745
1762801909;55628
1762804317;86807
1762805301;78258
1762805515;3027
1762812479;46116
1762813045;49224
1762813318;9494
1762814314;26123
1762815806;20079
1762817407;37736
1762818232;67565
1762818727;10631
1762819585;18349
1762819862;30528
1762820918;94426
1762823446;88686
1762824118;41468
1762824220;12072
1762825595;13478
1762831287;57278
1762833421;9988
1762840000;95552
1762841773;56835
1762841908;48616
1762842299;83004
1762844360;83003
1762844955;51065
1762848378;62443
1762850870;23961
1762855200;10717
1762859718;16777
1762860352;65278
1762862487;13048
1762864091;9058
1762864958;91279
1762865264;67969
1762865980;23411
1762866905;15833
1762868758;81906
1762872488;60767
1762874050;55799
1762875693;1116
1762876161;27097
1762876312;48775
1762876924;53263
1762878853;43228
1762879312;20126
1762880527;21827
1762881037;3436
1762881231;96412
1762882216;52172
1762882371;48216
1762882898;51089
1762883647;152
1762883995;76072
1762884348;23058
1762886855;73946
1762887923;28265
1762888866;48962
1762889728;11287
1762890314;48099
1762890948;56674
1762892156;67863
1762894540;14571
1762894756;91167
1762895380;97927
1762896060;1436
1762898800;84426
1762902269;52658
1762903307;23443
1762905283;89667
1762906398;50553
1762906408;7893
1762906643;94322
1762906909;57792
1762907277;85909
1762907694;25179
1762907958;18443
1762908294;72572
1762908334;32317
1762909551;43287
1762910103;95075
1762914098;24188
1762915693;23413
1762919704;94219
1762925033;23981
1762926216;94803
1762926600;92918
1762931375;85138
1762934588;3745
1762935244;9732
1762942555;44754
1762942697;8566
1762946719;29971
1762947505;58747
1762949370;59376
1762952244;53836
1762953628;20062
1762954854;11328
1762954926;25442
1762959421;80712
1762961328;88624
1762961400;86987
1762962560;80863
1762963691;77923
1762964064;73292
1762968851;92269
1762970117;57459
1762971542;52103
1762973511;49727
1762975051;93808
1762975919;17684
1762976235;62098
1762976800;40007
1762977731;44537
1762978629;81729
1762981062;47345
1762981489;61502
1762982590;45047
1762983950;41157
1762987493;55815
1762988239;13643
1762989308;33807
1762989326;61462
1762989725;47392
1762990203;79285
1762991109;80583
1762992103;33857
1762992714;13995
1762993734;77585
1762994303;60131
1762994370;15339
1762995404;6298
1762995544;45944
1762995636;64335
1762996464;97073
1763000691;97002
1763001972;92576
1763002622;16463
1763002912;43866
1763004110;99896
1763009239;87569
1763015038;10023
1763017573;32218
1763018819;61835
1763019124;31615
1763020857;45576
1763021829;85524
1763021891;41153
1763024032;44082
1763026148;82037
1763030229;20699
1763030497;53035
1763035254;35907
1763035722;20743
1763036389;99987
1763038264;96917
1763038509;39533
1763038713;78203
1763039095;64857
1763039635;83125
1763040144;94054
1763041548;96334
1763044182;69163
1763044783;90527
1763048693;79724
1763048932;73164
1763050991;99469
1763051227;94515
1763052791;69528
1763052857;2557
1763055622;87005
1763058004;86932
1763058220;47208
1763060686;21611
1763060788;19777
1763061129;33544
1763064129;76608
1763065339;34801
1763066184;96656
1763067526;4917
1763069041;49831
1763071024;10301
1763071214;34956
1763071258;10251
1763075070;79702
1763075862;4127
1763077485;89033
1763078854;71373
1763080331;6728
1763082697;64723
1763083450;60092
1763083635;31795
1763083943;66868
1763085098;29399
1763085131;54279
1763086023;75484
1763088931;68571
1763093687;17107
1763094544;59162
1763095500;88446
1763097784;87998
1763097859;2941
1763098396;71626
1763102439;21912
1763107853;69268
1763109316;53373
1763110999;21246
1763111716;19168
1763113392;26805
1763113687;58329
1763114967;79807
1763116463;58107
1763116640;74564
1763120785;27408
1763121248;87671
1763121823;40255
1763122267;12217
1763122915;26501
1763123042;36713
1763123235;52914
1763125567;48896
1763125801;33772
1763126471;94176
1763127509;48656
1763128018;93865
1763128882;87377
1763130341;33552
1763130810;82254
1763132903;81391
1763134330;64991
1763134530;40292
1763134857;74488
1763136053;87615
1763136094;29888
1763137155;76374
1763138293;37632
1763138436;73272
1763139436;68652
1763140195;62003
1763140940;46934
1763141576;39346
1763142196;44273
1763143587;9918
1763143610;48328
1763149621;25872
1763150452;7123
1763150576;60436
1763150971;61881
1763151241;90282
1763153950;88079
1763155107;14043
1763155918;72254
1763158613;92877
1763158648;54088
1763159005;49598
1763159903;71517
1763160015;33776
1763160776;90787
1763160970;294
1763161625;62857
1763164859;63823
1763165100;89461
1763165344;9099
1763166135;77877
1763167526;91486
1763170971;89968
1763171649;80567
1763173147;27331
1763175154;30819
1763178813;36923
1763179758;91017
1763181097;7058
1763181527;77314
1763181650;16981
1763182033;15123
1763182137;93961
1763185375;32341
1763185425;31686
1763187484;51905
1763188806;65644
1763188969;56538
1763195954;25772
1763196079;97084
1763196119;23506
1763199316;38847
1763199490;21806
1763200820;86433
1763201758;6428
1763204687;16154
1763205242;40681
1763209637;4938
1763211392;73247
1763211407;1798
1763214658;49922
1763215957;90491
1763218132;17382
1763218181;96471
1763219489;5276
1763221145;17193
1763224591;28091
1763225109;54493
1763228871;96041
1763230802;45693
1763234329;91056
1763235424;12821
1763235833;67737
1763237625;73462
1763237835;1619
1763237900;18989
1763237908;87736
1763238024;34669
1763238045;3602
1763238360;36854
1763239054;9049
1763244022;98005
1763246895;91772
1763246956;94961
1763248330;24801
1763248672;2436
1763248768;79397
1763251386;24484
1763252069;2952
1763252820;82073
1763255396;71718
1763256079;56121
1763256135;48321
1763256476;91228
1763257488;92017
1763258557;15106
1763258754;16992
1763259716;37096
1763261405;62966
1763264218;41863
1763266277;22873
1763266593;97701
1763269689;84714
1763270927;79426
1763271231;63052
1763271462;53632
1763275513;57799
1763278658;76679
1763283881;30426
1763284566;92661
1763285581;91921
1763286124;47524
1763286458;13028
1763287582;72902
1763289487;86263
1763290608;18345
1763290929;7995
1763291114;31108
1763292383;78427
1763293632;90761
1763295901;70268
1763296977;69527
1763298074;30795
1763298593;88221
1763298943;96835
1763301189;35977
1763306363;15146
1763306500;66979
1763307861;96934
1763309786;50132
1763310231;23471
1763314048;19207
1763316134;87915
1763317391;51093
1763317896;94172
1763318042;71366
1763318545;87571
1763318593;73976
1763318825;96528
1763319338;79737
1763319494;93425
1763319524;46489
1763320444;18357
1763321331;87982
1763321462;17306
1763324958;51347
1763325709;74864
1763326127;8897
1763326285;15457
1763326800;98914
1763328147;29391
1763328212;58425
1763330148;18754
1763331109;2926
1763332872;47507
1763333508;98329
1763333527;76976
1763335173;37659
1763335917;44404
1763338808;78203
1763339814;19293
1763344111;18917
1763344856;21296
1763350031;85723
1763360108;38845
1763361696;46247
1763363533;8581
1763368169;66221
1763369258;16954
1763369759;11394
1763373417;69441
1763377678;93361
1763378120;36405
1763378283;35142
1763378350;87925
1763379004;70714
1763380303;6673
1763384287;84674
1763386592;72514
1763387937;60814
1763388218;97899
1763389239;39269
1763390247;1415
1763392456;40014
1763393765;34617
1763394322;43276
1763394772;59913
1763397128;64267
1763397774;98768
1763398898;85504
1763400144;79557
1763401225;97134
1763401262;38553
1763406712;66862
1763407533;75843
1763410965;48535
1763412189;67653
1763414371;61573
1763414466;72977
1763414509;50817
1763415572;60327
1763415819;97276
1763417328;17099
1763418335;30582
1763421738;87436
1763423313;76227
1763423335;9224
1763425017;21323
1763426887;34038
1763426909;26761
1763427410;33499
1763428196;78373
1763428314;5918
1763429786;32945
1763430344;51723
1763430898;89078
1763433438;57686
1763436419;30542
1763438697;97175
1763445402;80936
1763446339;3776
1763447092;22996
1763448466;1381
1763448671;79401
1763455730;88074
1763458908;12992
1763462518;85882
1763463521;9989
1763463571;566
1763464128;66714
1763465053;11587
1763467539;89163
1763467794;59485
1763468137;49081
1763469759;24079
1763470630;37136
1763470995;11317
1763472033;75926
1763473084;33104
1763478961;64127
1763480238;74409
1763481112;99603
1763481785;38551
1763483245;26977
1763484231;21498
1763487131;93547
1763487372;54787
1763487495;85415
1763488542;65264
1763488881;46555
1763490640;88825
1763491990;99692
1763492447;9501
1763494104;5416
1763494321;17186
1763495275;26642
1763498655;5877
1763501777;25493
1763504085;51889
1763505985;75776
1763506190;73833
1763506482;52411
1763508263;883
1763509916;40892
1763514180;63323
1763515888;24425
1763518031;1049
1763521404;33345
1763522186;54888
1763523889;16073
1763524624;83796
1763524833;18848
1763526886;30025
1763527904;85332
1763527941;8646
1763528941;66943
1763529885;67769
1763533471;11881
1763536431;81575
1763538762;6138
1763539239;67826
1763539797;9718
1763543553;18624
1763544031;80115
1763544098;99378
1763544882;94668
1763548000;17201
1763548442;66082
1763548866;99826
1763549149;37669
1763556281;68356
1763562490;33407
1763563976;58938
1763564526;68742
1763568031;30208
1763568989;76272
1763570468;20885
1763573559;59717
1763575978;39171
1763576769;7618
1763577866;43325
1763578406;34893
1763578678;67274
1763580456;35629
1763582129;25754
1763582250;1341
1763584693;43916
1763589380;46757
1763590437;97532
1763590454;29165
1763591707;45813
1763593548;70076
1763595174;51271
1763595556;84675
1763597042;53876
1763597398;39912
1763597623;68937
1763599424;50799
1763600065;93533
1763600363;7955
1763600572;93013
1763601514;82531
1763606873;39994
1763609125;46972
1763614065;6851
1763614558;69783
1763617156;38505
1763618956;24966
1763620891;71802
1763622710;1421
1763624213;38722
1763625302;48742
1763625319;15756
1763629788;18274
1763631087;83422
1763631932;87273
1763632583;68789
1763634070;17113
1763634690;71134
1763635684;67468
1763635763;32924
1763636017;17714
1763638993;18813
1763640182;32756
1763644942;64321
1763645824;86656
1763647042;51183
1763649244;29183
1763650978;70346
1763651661;60707
1763655006;99288
1763656142;93996
1763656439;70332
1763659984;23929
1763662621;83798
1763663664;26209
1763664950;35515
1763665291;12354
1763665828;28944
1763665912;98826
1763670261;42054
1763673857;79651
1763674385;83668
1763674698;99927
1763674895;83238
1763675726;14216
1763677152;70779
1763677309;5856
1763678679;99796
1763679282;63433
1763680413;72132
1763683784;35865
1763684959;91653
1763685434;53546
1763685614;90525
1763686519;87621
1763688247;90729
1763688283;5354
1763688877;49117
1763689290;17708
1763690989;33038
1763692041;9128
1763692378;83782
1763693946;32492
1763694747;78929
1763697440;94108
1763697689;76588
1763697774;60915
1763698907;27924
1763699333;99801
1763701666;42804
1763704569;95019
1763708753;14294
1763710332;75348
1763710616;68763
1763713533;67332
1763713669;62907
1763715161;33304
1763718933;36221
1763718934;78713
1763719201;64031
1763721891;24299
1763722716;53111
1763723700;29939
1763726086;93283
1763726844;6859
1763727474;91119
1763728999;24911
1763729033;4474
1763730090;94676
1763730627;35319
1763731550;81784
1763734348;1525
1763735289;52323
1763736960;26026
1763738436;48158
1763744967;2911
1763749077;21866
1763749328;33781
1763750332;92895
1763750519;95916
1763751870;26148
1763754072;1799
1763755023;98856
1763755528;28033
1763755733;90935
1763755859;42061
1763756194;212
1763756718;16262
1763756938;82167
1763757100;61791
1763758416;35858
1763758860;1519
1763759602;28803
1763761205;19619
1763762706;27823
1763764227;52014
1763765958;18221
1763766674;36151
1763767850;5424
1763768524;92434
1763769292;92277
1763772909;46837
1763775161;54988
1763777812;61141
1763779182;28602
1763784485;69205
1763785502;51282
1763791786;27127
1763792625;81977
1763793386;19031
1763797576;61725
1763798780;31682
1763800769;94359
1763801754;80873
1763802426;17877
1763802738;85509
1763803717;3377
1763813068;22749
1763815708;44895
1763815971;82071
1763818448;45906
1763819163;84561
1763820156;15476
1763820477;12208
1763821665;68248
1763823353;9742
1763826107;41753
1763828511;9254
1763830048;13047
1763830606;57394
1763833316;65075
1763834233;71501
1763834261;90607
1763837544;17152
1763838082;42278
1763838420;35193
1763839063;56975
1763839110;65161
1763839840;53781
1763840712;84349
1763840881;72248
1763841338;64477
1763841382;60529
1763842784;15964
1763843308;36864
1763843695;16103
1763843923;24031
1763845770;94292
1763847978;32962
1763850284;69981
1763850645;6247
1763851017;23523
1763852488;16218
1763854184;1045
1763855803;52406
1763856794;93235
1763857119;71861
1763858276;13743
1763858339;38557
1763858401;22041
1763859349;46674
1763859679;34368
1763859863;72016
1763860013;23829
1763862561;73248
1763864524;90515
1763865293;65774
1763865357;93449
1763868788;60278
1763870554;33106
1763873013;66315
1763877704;56913
1763878254;86356
1763878372;71456
1763880887;60903
1763881480;1787
1763886430;27954
1763893188;92568
1763895925;53999
1763896734;91256
1763904104;63089
1763904119;49957
1763905257;76941
1763905577;64969
1763906814;94607
1763908045;25613
1763908218;38603
1763909323;84397
1763914114;21328
1763915607;19528
1763922252;53324
1763923035;53278
1763925614;15648
1763925817;56349
1763926691;75154
1763927259;70745
1763927789;83942
1763927997;56311
1763928438;85206
1763928691;55649
1763930508;92982
1763931233;23221
1763932761;49537
1763934584;19826
1763935710;24748
1763936195;25172
1763937780;44886
1763937835;62696
1763938149;75749
1763938838;61786
1763938842;31516
1763939087;55378
1763939848;12312
1763943808;34705
1763945681;6577
1763947805;32203
1763947906;60252
1763948029;81
1763948096;33794
1763948807;72658
1763950503;36179
1763953074;25253
1763954557;11575
1763956204;61344
1763956304;62249
1763958636;26199
1763959006;89776
1763963090;57476
1763964972;88736
1763969302;16596
1763969326;54469
1763973664;74189
1763974798;27292
1763975875;87367
1763976110;33424
1763976312;34583
1763978835;47066
1763979425;80015
1763980260;21659
1763981530;33577
1763987684;69238
1763988132;2713
1763990428;58651
1763990873;85749
1763991532;71385
1763991702;216
1763994196;13526
1763997714;97605
1763999389;67142
1764000477;89332
1764002962;62035
1764004792;52119
1764005175;66774
1764008202;46426
1764009980;51225
1764010194;85442
1764010303;8588
1764013090;40221
1764014473;44467
1764014555;12188
1764014675;81254
1764015472;88725
1764016278;94358
1764019172;70288
1764020250;50768
1764021797;3175
1764021839;37077
1764023115;59274
1764023825;82556
1764024541;11308
1764025031;80812
1764027604;16056
1764028708;21172
1764029527;38079
1764029638;10433
1764029773;59515
1764029774;69164
1764030047;46456
1764036475;29327
1764038850;42462
1764042302;57354
1764042866;22193
1764045854;94527
1764049306;95997
1764051627;25311
1764052154;81701
1764056686;64407
1764057501;51074
1764057667;12738
1764058815;78945
1764059720;83614
1764060152;26321
1764062711;28832
1764065874;5466
1764068752;48877
1764069220;52322
1764072089;32298
1764072145;83748
1764072626;10413
1764074342;75321
1764078294;32707
1764080672;59559
1764082337;60293
1764085214;99046
1764085417;13046
1764086615;45718
1764091202;57283
1764092465;82387
1764092571;70216
1764093735;41096
1764094305;28719
1764094628;33853
1764095829;80771
1764098855;60741
1764098974;85076
1764099874;76598
1764100163;24123
1764101855;80303
1764102730;27878
1764102858;4509
1764103326;9628
1764103651;38391
1764106391;64646
1764106540;73169
1764107413;30976
1764108658;79525
1764108676;563
1764110749;10327
1764111666;12432
1764112934;45952
1764113652;68668
1764114473;35039
1764116035;40398
1764119478;44756
1764120708;7763
1764120754;48958
1764122577;54324
1764123069;65773
1764123849;68333
1764124997;67369
1764126338;91458
1764128662;77094
1764131221;64033
1764132861;29522
1764132890;58104
1764134082;24814
1764135870;15949
1764136231;7048
1764136325;59522
1764140656;57043
1764141815;1116
1764144212;85763
1764144215;98734
1764144331;76004
1764145527;16534
1764146044;24292
1764146935;7623
1764147896;17488
1764157544;80583
1764160198;65774
1764164973;95194
1764167813;24925
1764171501;72732
1764174951;10361
1764174988;96513
1764175589;85239
1764175715;12469
1764176670;66804
1764176952;97223
1764177799;25714
1764177914;62502
1764178967;95363
1764179312;85756
1764181882;98739
1764184244;14879
1764185326;70329
1764186539;53371
1764188275;29824
1764188468;33315
1764188892;40473
1764188921;56496
1764188938;99417
1764190165;17598
1764191221;21976
1764193155;66317
1764194128;67647
1764194128;77996
1764195161;71771
1764196570;19432
1764196788;68996
1764197242;45147
1764198237;57359
1764199004;79024
1764201415;55681
1764202915;99101
1764202956;1185
1764203445;37967
1764207744;92674
1764208327;49168
1764209254;99297
1764210277;17688
1764210817;13396
1764217745;33606
1764218025;87217
1764218119;7847
1764218851;7847
1764219383;20662
1764221403;77742
1764222520;45183
1764228962;75837
1764232133;63593
1764232290;55629
1764235463;41476
1764235650;31342
1764237471;8829
1764239788;95257
1764239863;15006
1764240072;92362
1764241169;73723
1764241728;19422
1764242666;15764
1764242868;58129
1764246602;55172
1764247173;67211
1764247253;22614
1764249745;62059
1764250327;42481
1764250494;19296
1764252065;9787
1764253558;60413
1764255295;59749
1764258351;18659
1764260079;16993
1764261415;27183
1764261914;84204
1764268587;17673
1764268987;99898
1764270845;89275
1764271459;17491
1764273566;86448
1764274977;74443
1764275805;86223
1764277890;98268
1764281579;16885
1764285440;60275
1764285573;8395
1764286219;92076
1764286786;44552
1764287920;40746
1764288396;68207
1764288810;33771
1764291147;75097
1764294480;51378
1764295353;63596
1764299387;94411
1764301078;41452
1764302271;40769
1764305495;50079
1764306007;39415
1764306329;78942
1764309210;63191
1764310371;13657
1764310638;5803
1764316217;40727
1764322511;95873
1764325816;50146
1764328318;81903
1764328401;25434
1764329585;25668
1764331779;82762
1764332160;39569
1764333403;27709
1764336296;44368
1764337134;91795
1764339988;75581
1764340764;51456
1764341924;4635
1764344413;61187
1764346806;14873
1764347344;90038
1764349210;38295
1764350328;29582
1764351080;17488
1764351096;43257
1764351263;46549
1764351263;67697
1764355917;80791
1764355925;65473
1764356065;86871
1764357684;53211
1764357910;38588
1764358828;69659
1764363548;36668
1764364350;14204
1764366050;2933
1764366337;88698
1764366440;76278
1764368187;85923
1764369231;26932
1764369727;62555
1764370849;65338
1764371231;83821
1764371543;51596
1764371921;79197
1764372186;11868
1764372468;57111
1764372468;42322
1764373956;6681
1764374970;30382
1764375137;74814
1764377773;63487
1764378440;51665
1764378648;87353
1764378737;29241
1764379888;95663
1764380316;98186
1764381434;75572
1764381788;40855
1764382003;12622
1764383044;70976
1764386736;20088
1764386866;82744
1764389331;54914
1764393865;4143
1764395888;96877
1764400612;57782
1764401566;61849
1764405126;39404
1764405468;51486
1764406835;23988
1764408521;10603
1764409439;55386
1764409912;71647
1764411381;85032
1764414901;78963
1764417023;88092
1764417847;78045
1764418113;76509
1764420451;71087
1764421420;87591
1764423422;2661
1764423976;34237
1764426853;20597
1764428948;36158
1764429577;46432
1764433387;82159
1764446462;58124
1764447134;17114
1764448190;8959
1764448448;24527
1764449055;43236
1764449181;44615
1764454721;94558
1764454865;55281
1764455787;50613
1764455906;61472
1764457688;78842
1764458920;27351
1764459193;12369
1764460563;84929
1764460799;5995
1764462338;69362
1764462599;49111
1764462827;56599
1764463657;88433
1764464169;32265
1764464377;64463
1764465003;99193
1764466496;16179
1764466809;95449
1764471351;50541
1764475055;98605
1764477805;51195
1764486470;40957
1764486678;3337
1764488623;65287
1764488791;65331
1764489076;47799
1764490659;75223
1764491590;83679
1764491873;29756
1764492246;14219
1764492669;52526
1764492698;27138
1764492767;89904
1764492891;8342
1764493360;50318
1764495356;48546
1764496167;6419
1764498547;3411
1764498767;1233
1764503420;15572
1764507006;85497
1764507224;3689
1764507658;74063
1764508497;95022
1764508629;64089
1764510660;56935
1764511907;15917
1764516725;71362
1764517008;23447
1764518054;22426
1764518338;56878
1764519430;80579
1764521004;9707
1764522707;7296
1764525377;75276
1764528896;6198
1764530173;78808
1764532662;49879
1764534933;76931
1764534946;26334
1764537203;62997
1764537533;12909
1764538496;46513
1764540029;4566
1764543705;24467
1764543885;28774
1764545537;76453
1764546797;83272
1764547163;73621
1764547790;81932
1764548563;48257
1764549540;59811
1764549740;68126
1764550883;51052
1764550992;43141
1764551552;71795
1764551971;36288
1764552283;14067
1764553054;97277
1764556406;93332
1764556828;28917
1764558726;61838
1764558921;57299
1764559659;55802
1764562287;77622
1764562889;64219
1764565950;95101
1764567984;32565
1764570451;59595
1764573570;40178
1764574679;62006
1764575495;28859
1764583280;68125
1764584992;40074
1764585454;44932
1764585494;53024
1764585712;72955
1764585725;29659
